,Topic,Raw Count
0, miners firm firms coal,2
1, leicester street mr hm,2
2, miners district trade employment,2
3, war nations government policy,2
4, operatives war discharged boot,2
5, inspectors organisers reluctantly returned inspection,2
6, mr said speech honour,2
7, improvement time short time progress,2
8, movement government policy war,2
9, insurance benefit fund sick,2
10, london street mr hm,2
11, unemployment union labour employers,2
12, trade firm firms board,2
13, women womens labour girls,2
14, education teachers educational schools,2
15, tuberculosis health treatment minister health,2
16, education educational teachers schools,2
17, herald daily daily herald herald daily,2
18, houses housing building rent,2
19, hm dead females mr,2
20, trade bad trade bad month,2
21, cent increase year pairs,2
22, hm dead females tf,2
23, rule delete line rule line,2
24, women girls womens men,2
25, mr leicester street london,2
26, war government policy peace,2
27, russia russian german germany,2
28, tuberculosis health treatment ministry health,2
29, houses housing house building,2
30, branch branches returns central office,2
31, mr street leicester london,2
32, trade bad trade bad improvement,2
33, women womens girls labour,2
34, education teachers school schools,2
35, houses housing rent room,2
36, arbitration defendant suspension suspended,2
37, holiday holidays th holiday scheme,2
38, branch operatives branches officers,2
39, herald daily daily herald paper,2
40, women womens men girls,2
41, trade trade board board bad,2
42, trade improvement bad trade bad,2
43, war government policy movement,2
44, mr hm smith poulton,2
45, conference party labour labour party,2
46, union unions trade labour,2
47, insurance fund superannuation pensions,2
48, cent increase pairs year,2
49, firm firms manufacturers industry,2
50, union labour unions trade,2
51, tuberculosis health medical treatment,2
52, houses housing rent building,2
53, daily herald daily herald herald daily,2
54, russia league russian nations,2
55, houses housing house rent,2
56, conference resolution council delegates,2
57, cost living cost living rates,2
58, insurance superannuation pensions fund,2
59, education teachers schools school,2
60, cent increase year figures,2
61, education school teachers educational,2
62, ireland scotland irish scottish,2
63, houses housing room rooms,2
64, arbitration strike defendant suspension,2
65, education teachers educational school,2
66, war nations russia league,2
67, insurance superannuation pensions compensation,2
68, hours hour day hour day,2
69, education school educational schools,2
70, holiday insurance superannuation pensions,2
71, arbitration strike defendant court,2
72, food prices sugar average,2
73, mr street london leicester,2
74, cent cost living living cost,2
75, hm mr dead females,2
76, women womens men womens branch,2
77, street london road metro,2
78, union conference labour unions,2
79, street leicester road london,2
80, trade bad improvement employment,2
81, union labour conference unions,2
82, members membership happy shall happy,2
83, death sympathy bleakley mr,2
84, street london road street london,2
85, death sympathy widow family,2
86, women girls womens labour,2
87, union unions unemployment trade,2
88, party labour labour party house,2
89, happy shall happy prominence happy prominence,2
90, death sympathy funeral widow,2
91, conference resolution delegates council,2
92, russia league nations league nations,2
93, union unions labour trade,2
94, death sympathy family widow,2
95, members branch operatives branches,2
96, report reports inspectors complaints,2
97, education educational teachers school,2
98, daily herald daily herald paper,2
99, mr leicester london street,2
100, hours holiday hour holidays,2
101, russia league nations russian,2
102, conference resolution council chairman,2
103, conference council resolution delegates,2
104, holiday insurance fund superannuation,2
105, trade improvement bad month,2
106, arbitration rule delete defendant,2
107, death sympathy widow funeral,2
108, trade bad improvement trade bad,2
109, russia russian germany german,2
110, insurance benefit unemployment superannuation,2
111, unemployment wages employers employment,2
112, boot shoe leather boot shoe,2
113, rates prices scheme price,2
114, hm dead mr females,2
115, houses housing rent house,2
116, holiday hours hour holidays,2
117, government war policy movement,2
118, conference council agreement resolution,2
119, report reports inspectors inspection,2
120, houses housing room rent,2
121, arbitration defendant case court,2
122, holiday holidays holiday scheme scheme,2
123, employment trade improvement bad,2
124, strike defendant suspension suspended,2
125, houses housing district house,2
126, trade bad improvement month,2
127, women men girls womens,2
128, labour party labour party house,2
129, unemployment wages employers unemployed,2
130, arbitration defendant court case,2
131, union unions trade trade union,2
132, death sympathy regret family,2
133, employment trade bad improvement,2
134, education school educational teachers,2
135, street leicester london road,2
136, fund insurance superannuation pensions,2
137, street road london nearest,2
138, hours hour hour day day,2
139, cent year increase decrease,2
140, party labour labour party government,2
141, cent pairs increase year,2
142, street london road nearest,2
143, trade trade board board rates,2
144, shoe boot boot shoe firm,2
145, labour union unemployment employers,2
146, insurance benefit superannuation fund,2
147, branch branches central office central,2
148, government war policy peace,2
149, report inspectors reports inspection,2
150, branch branches secretary office,2
151, cost living living cost increase,2
152, war government policy russia,2
153, trade employment bad improvement,2
154, mr leicester street hm,2
155, arbitration defendant suspension court,2
156, cost living cent living cost,2
157, tuberculosis health disease treatment,2
158, rates cost cost living prices,2
159, shoe boot boot shoe shoe operatives,2
160, health tuberculosis medical treatment,2
161, unemployment wages hours employment,2
162, report reports inspectors reports exclusively,2
163, arbitration agreement strike agreements,2
164, unemployment employers wages unemployed,2
165, trade firm firms manufacturers,2
166, arbitration defendant suspension board,2
167, arbitration defendant court board,2
168, death sympathy regret funeral,2
169, boot shoe boot shoe trade,2
170, hm dead females buckle,2
171, labour union trade unemployment,2
172, union labour unemployment workers,2
173, holiday th holidays holiday scheme,2
174, education school teachers schools,2
175, union unions labour unemployment,2
176, agreement arbitration agreements settlement,2
177, insurance superannuation pensions benefit,2
178, war government nations league,2
179, unemployment insurance employers wages,2
180, cent cost living increase living,2
181, league germany league nations nations,2
182, cent increase decrease year,2
183, conference mr council general,2
184, tuberculosis treatment disease sickness,2
185, union labour trade unions,2
186, firm manufacturers firms operative,2
187, statements errors creep errors creep,2
188, miners strike coal mining,2
189, houses housing rent rooms,2
190, houses housing rooms room,2
191, union unions unemployment employers,2
192, scheme statements errors creep errors,2
193, cent year increase compared,2
194, hours hour day week,2
195, happy shall happy prominence remain fraternally,2
196, insurance superannuation benefit pensions,2
197, trade firm board trade board,2
198, education district teachers schools,2
199, firm manufacturers firms industry,2
200, death sympathy bleakley family,2
201, conference council resolution committee,2
202, unemployment employers wages employment,2
203, education teachers school educational,2
204, trade improvement bad employment,2
205, russia russian germany france,2
206, health tuberculosis treatment disease,2
207, tuberculosis health treatment sickness,2
208, street london road leicester,2
209, houses housing house rooms,2
210, hours holiday week hour,2
211, russia league federation russian,2
212, trade trade board board trade boards,2
213, arbitration agreement agreements settlement,2
214, employment unemployed short time short,2
215, agricultural land agriculture agricultural workers,2
216, women girls womens females,2
217, league federation league nations nations,2
218, houses housing land building,2
219, street london hm leicester,2
220, holiday hours week day,2
221, russia league federation nations,2
222, fund holiday insurance superannuation,2
223, government war nations policy,2
224, branch branches operatives officers,2
225, trade bad trade bad chesham,2
226, women womens girls leicester womens,2
227, cent year increase figures,2
228, holiday holidays th month,2
229, wages rates minimum wage,2
230, street road london street london,2
231, war movement peace future,2
232, prices food rates price,2
233, cost living cost living cent,2
234, arbitration rule delete line,2
235, league russia nations league nations,2
236, holiday hours holidays hour,2
237, mr london street leicester,2
238, miners firm industry firms,2
239, street road london district,2
240, holiday hours week holidays,2
241, houses housing room house,2
242, insurance benefit superannuation unemployment,2
243, firm industry manufacturers firms,2
244, houses housing agricultural land,2
245, branch branches returns secretary,2
246, arbitration rule delete strike,2
247, tuberculosis treatment disease doctor,2
248, cent year increase pairs,2
249, happy shall happy prominence trust members,2
250, rates prices price minimum,2
251, mr poulton smith death,2
252, firm trade manufacturers industry,2
253, insurance superannuation fund pensions,2
254, death sympathy funeral family,2
255, unemployment employers insurance wages,2
256, boot shoe boot shoe firm,2
257, death sympathy regret mr,2
258, happy shall happy prominence trust,2
259, holiday th holidays month,2
260, food agricultural prices land,2
261, war nations league peace,2
262, mr leicester hm street,2
263, branch branches operatives office,2
264, trade improvement employment bad,2
265, women girls men womens,2
266, firm manufacturers firms trade board,2
267, death bleakley sympathy mr,2
268, union labour conference council,2
269, death sympathy regret died,2
270, russia league germany nations,2
271, trade firm bad trade board,2
272, tuberculosis treatment disease stevens,2
273, arbitration rule strike delete,2
274, war peace movement men,2
275, london street hm mr,2
276, insurance benefit fund pensions,2
277, members operatives membership seamen,2
278, insurance fund benefit unemployment,2
279, mr hm smith leicester,2
280, trade bad trade bad report trade,2
281, insurance superannuation benefit fund,2
282, conference mr council resolution,2
283, branch branches president general president,2
284, firm trade board board manufacturers,2
285, trade manufacturers board trade board,2
286, rates wages minimum wage,2
287, returns central office central office,2
288, rates prices dividend minimum,2
289, union labour unions unemployment,2
290, death sympathy mr bleakley,2
291, holiday th month february,2
292, russia russian german emigration,2
293, labour conference union council,2
294, cent cost living living increase,2
295, cent increase decrease compared,2
296, branch branches operatives secretary,2
297, street mr leicester london,2
298, conference members branch council,2
299, insurance benefit fund unemployment,2
300, labour union conference members,2
301, mr hm smith richards,2
302, suspension suspended work weeks,2
303, members membership success interests make success,2
304, street road kettering district,2
305, war government russia policy,2
306, insurance superannuation health pensions,2
307, conference party labour council,2
308, women labour party labour party,2
309, war russia russian movement,2
310, russia league league nations nations,2
311, arbitration defendant board suspension,2
312, conference resolution council agreement,2
313, trade bad employment improvement,2
314, russia russian movement german,2
315, cost living cost rates living,2
316, street leicester london northampton,2
317, members stamp stamped union stamp,2
318, arbitration defendant board court,2
319, union unemployment employers labour,2
320, conference members party labour,2
321, union trade unions unemployment,2
322, education age teachers educational,2
323, union unions employers unemployment,2
324, leicester street london northampton,2
325, war russia peace nations,2
326, leicester street london mr,2
327, war operatives peace seamen,2
328, insurance benefit superannuation pensions,2
329, poulton mr smith mr poulton,2
330, prices food rates cost living,2
331, stamp stamped union stamp stated rests,2
332, boxd label boxd label stamp,2
333, women womens girls females,2
334, hours week hour day,2
335, operatives seamen ship discharged,2
336, mr street firm london,2
337, party labour party labour commons,2
338, holiday th month holidays,2
339, branch members operatives branches,2
340, insurance fund pensions superannuation,2
341, inspectors report reports inspection,2
342, cent cost living cost rates,2
343, hm mr dead death,2
344, union labour unions conference,2
345, members stamp membership union stamp,2
346, houses housing food land,2
347, mr leicester hm smith,2
348, th february march april,2
349, death sympathy mr regret,2
350, insurance fund pensions rates,2
351, members happy membership shall happy,2
352, report reports reports exclusively exclusively use,2
353, operatives seamen ship service,2
354, conference party labour party labour,2
355, men rely rely correspondents thanks,2
356, russia federation league russian,2
357, trade firm firms bad,2
358, members membership remain fraternally fraternally,2
359, branch branches office central office,2
360, holiday holidays th february,2
361, houses land housing rent,2
362, women womens girls richards,2
363, trade trade board bad board,2
364, firm firms industry manufacturers,2
365, women men womens girls,2
366, government policy movement peace,2
367, war policy government peace,2
368, employment short time short time,2
369, miners firm trade industry,2
370, mr smith hm poulton,2
371, leicester mr hm street,2
372, union unions trade employers,2
373, cent cost living cost increase,2
374, war peace movement future,2
375, war nations league russia,2
376, rates cost living cost living,2
377, pensions sick benefit superannuation,2
378, russia league russian league nations,2
379, miners firm industry coal,2
380, leicester street london road,2
381, war peace men rely,2
382, branch operatives branches secretary,2
383, union unemployment labour employers,2
384, arbitration defendant court suspension,2
385, women girls womens age,2
386, arbitration defendant suspended suspension,2
387, mr leicester street firm,2
388, trade firm bad board,2
389, street london leicester road,2
390, miners industry coal trade,2
391, arbitration defendant settlement court,2
392, holiday week holidays th,2
393, labour party labour party mr,2
394, union unions employers labour,2
395, trade firm manufacturers bad,2
396, union labour unions employers,2
397, mr poulton smith richards,2
398, holiday insurance superannuation scheme,2
399, government policy movement men,2
400, prices food cost living cost,2
401, branch operatives general branches,2
402, war government nations russia,2
403, defendant suspension suspended court,2
404, branch members branches operatives,2
405, mr leicester street smith,2
406, unemployment labour employers wages,2
407, union conference unions trade,2
408, district metro london metro london,2
409, government policy war peace,2
410, death sympathy died family,2
411, insurance health health insurance national health,2
412, holiday holidays february march,2
413, union unions unemployment labour,2
414, union unions women labour,2
415, conference resolution party labour,2
416, union unions employers trade,2
417, branch branches returns office,2
418, conference labour party labour party,2
419, trade plymouth bad trade bad,2
420, defendant suspension suspended defendants,2
421, fund dividend arrears tax,2
422, food agricultural land trade,2
423, russia russian emigration german,2
424, employment improvement short time short,2
425, rule delete line rules,2
426, members operatives membership organisers,2
427, leicester street mr london,2
428, conference delegates resolution council,2
429, branch operatives members branches,2
430, members membership richards make success,2
431, operatives seamen ship officials,2
432, leather boots boot shoe,2
433, war peace men rely rely,2
434, branch branches office secretary,2
435, food prices sugar tea,2
436, conference members delegates council,2
437, holiday month th th month,2
438, firm factory firms manufacturers,2
439, war russia government policy,2
440, mr street london poulton,2
441, miners firm industry manufacturers,2
442, russia russian geneva german,2
443, street leicester road kettering,2
444, war nations peace russia,2
445, wages insurance rates superannuation,2
446, street leicester firm london,2
447, war russia nations league,2
448, trade trade board board prices,2
449, agreement agreements settlement federation,2
450, movement communists question communist,2
451, operatives seamen service service men,2
452, manufacturers manufacturers federation machine repairing,2
453, branch secretary branches operatives,2
454, government nations war league,2
455, creep errors creep errors hope,2
456, war peace men movement,2
457, women womens leicester girls,2
458, branch operatives general president,2
459, superannuation pensions fund benefit,2
460, conference council party labour,2
461, cent half half year dividend,2
462, britain great britain ireland wales,2
463, repairing repairers sewn department,2
464, buttons brooches buttons brooches boxd,2
465, unemployment employers insurance employment,2
466, union labour workers employers,2
467, secretary labour mr party,2
468, insurance fund benefit arbitration,2
469, trade cent prices trade board,2
470, street road hall london,2
471, union labour unemployment wages,2
472, mr leicester london general,2
473, cent insurance scheme fund,2
474, trade manufacturers factory factories,2
475, education age children school,2
476, trade repairing improvement bad,2
477, man work years business,2
478, german russia germany europe,2
479, returns central office stamp central,2
480, women mr womens smith,2
481, fund insurance funds superannuation,2
482, hours holiday employment short,2
483, union unions wages employers,2
484, th fifteenth month day month,2
485, leicester street road norwich,2
486, branch members operatives district,2
487, scheme progress hope future,2
488, women womens men labour,2
489, labour union members conference,2
490, unemployment wages employment holiday,2
491, employers insurance pensions benefit,2
492, trade bad manufacturers trade board,2
493, fund rates funds prices,2
494, members membership letter jubilee,2
495, miners coal strike mining,2
496, operatives seamen service men service,2
497, holiday holidays holiday scheme february,2
498, union employers labour wages,2
499, unemployment employers labour insurance,2
500, war government policy land,2
501, mr secretary poulton general,2
502, leicester street northampton road,2
503, houses housing agricultural building,2
504, employment scottish scotland short time,2
505, members membership organisers organisation,2
506, conference general mr delegates,2
507, labour union wages employers,2
508, insurance pensions rates superannuation,2
509, war peace members membership,2
510, government scheme policy errors,2
511, branch branches returns secretaries,2
512, tuberculosis health disabled treatment,2
513, happy shall happy prominence wish,2
514, th th month month february,2
515, holiday holidays holiday scheme days,2
516, pairs dozen dozen pairs week,2
517, firm industry factory manufacturers,2
518, street leicester road norwich,2
519, russia agreement league federation,2
520, war peace time future,2
521, mr poulton president smith,2
522, prices rates food price,2
523, fund dividend arrears funds,2
524, arbitration agreement strike settlement,2
525, miners trade manufacturers coal,2
526, pensions superannuation dividend fund,2
527, insurance sick health insurance compensation,2
528, trade improvement bad plymouth,2
529, reports report letter reports exclusively,2
530, union unions trade conference,2
531, fund insurance benefit unemployment,2
532, union labour council unions,2
533, operatives short time short met operatives,2
534, union labour unions trade union,2
535, unemployment wages hours wage,2
536, employers defendant employer suspension,2
537, war movement peace life,2
538, rates prices dividend price,2
539, employers employment wages unemployment,2
540, conference resolution delegates agreement,2
541, members education operatives school,2
542, firm firms factory manufacturers,2
543, government industry policy movement,2
544, errors creep errors creep future,2
545, union unions labour employers,2
546, man work branch pay,2
547, war russia russian germany,2
548, scheme consumption accidents proposals,2
549, conference mr council party,2
550, union employers unions labour,2
551, insurance fund benefit funds,2
552, war government nations peace,2
553, arbitration agreement national agreement scheme,2
554, movement question men rely rely,2
555, work said man good,2
556, members conference delegates council,2
557, government policy movement scheme,2
558, died work disposition wife,2
559, labour union employers women,2
560, conference council mr resolution,2
561, leicester street hm london,2
562, government policy movement hope,2
563, cent year pairs increase,2
564, agreement convention federation settlement,2
565, bleakley death sympathy mr bleakley,2
566, miners coal industry mining,2
567, branch branches district officers,2
568, street road district glasgow,2
569, manufacturers report reports inspectors,2
570, unemployment unemployed employment percentage,2
571, union labour workers unemployment,2
572, conference council members meeting,2
573, arbitration agreement defendant case,2
574, trade trade board government board,2
575, war peace movement position,2
576, arbitration defendant settlement federation,2
577, operatives members branch branches,2
578, conference branch resolution general,2
579, women mr leicester street,2
580, firm trade manufacturers firms,2
581, insurance pensions benefit superannuation,2
582, men rely rely hope creep,2
583, cent cost living food increase,2
584, district report reports districts,2
585, government policy movement communist,2
586, arbitration defendant board arbitration board,2
587, labour union employers unemployment,2
588, cent increase year week,2
589, trade bad chesham trade bad,2
590, death sympathy regret bleakley,2
591, letter central office office central,2
592, conference resolution branch secretary,2
593, trade firm firms industry,2
594, insurance benefit fund superannuation,2
595, rule delete convention agreement,2
596, wages rates cent minimum,2
597, operatives members district organisation,2
598, death sympathy regret man,2
599, holiday holidays week hours,2
600, war industry nations league,2
601, rates prices reports report,2
602, fund arrears dividend costs,2
603, government policy rely men,2
604, man work branch week,2
605, miners trade industry firm,2
606, branch branches pensions superannuation,2
607, movement men rely rely creep,2
608, age years age children years,2
609, labour union unemployment unions,2
610, progress unity hope future,2
611, women mr hm smith,2
612, agreement arbitration strike agreements,2
613, firm firms manufacturers factory,2
614, members operatives district membership,2
615, trade trade board board industry,2
616, russia russian soviet moscow,2
617, conference branch rule council,2
618, war government men policy,2
619, trade industry food trade board,2
620, returns superannuation central central office,2
621, report stamp stamped reports,2
622, males britain females great britain,2
623, conference mr labour council,2
624, union labour trade employers,2
625, miners food coal government,2
626, conference council resolution chairman,2
627, labour party labour party commons,2
628, holiday fund insurance superannuation,2
629, agreement arbitration defendant settlement,2
630, president mr death richards,2
631, london street road metro,2
632, manufacturers industry factory repairing,2
633, conference council delegates branch,2
634, mr text leicester image,2
635, government daily herald policy,2
636, insurance returns rates superannuation,2
637, death sympathy widow stevens,2
638, happy shall happy prominence thanks,2
639, ireland scotland irish britain,2
640, seamen war ship sea,2
641, mr labour leicester london,2
642, rates prices cost cost living,2
643, mr council conference members,2
644, union workers employers labour,2
645, men scheme position government,2
646, street london mr hm,2
647, women education girls children,2
648, trade bad trade bad rushden,2
649, war russia russian france,2
650, cent decrease year increase,2
651, cost living rates cost living,2
652, february th month march,2
653, league russia federation nations,2
654, work man years stevens,2
655, month th th month february,2
656, machinery position seats machine,2
657, wages union unemployment employers,2
658, hm street london mr,2
659, mr leicester employment smith,2
660, branch operatives secretary district,2
661, houses housing building rooms,2
662, death sympathy funeral death mr,2
663, firm trade firms industry,2
664, women members womens operatives,2
665, street leicester london kettering,2
666, position progress hope future,2
667, benefit insurance fund unemployment,2
668, government policy movement position,2
669, death sympathy family died,2
670, members membership thanks hope,2
671, operatives men hm hm service men,2
672, stamp stamped union stamp make success,2
673, education educational teachers age,2
674, miners industry coal agricultural,2
675, secretary report reports general,2
676, holiday holidays day th,2
677, members scheme membership societies,2
678, conference members resolution council,2
679, union labour unions international labour,2
680, cent year increase fund,2
681, branch branches district president,2
682, party labour party labour government,2
683, war movement peace communists,2
684, agreement convention settlement federation,2
685, holiday superannuation pensions scheme,2
686, leicester employment norwich northampton,2
687, arbitration defendant case suspension,2
688, daily herald daily herald report,2
689, half half year balance year,2
690, holiday holidays month th,2
691, reports scheme report statements,2
692, stamp central office returns central,2
693, trade bad rushden trade bad,2
694, seamen war ship ex,2
695, mr general council labour,2
696, union labour miners workers,2
697, report exclusively use reports exclusively exclusively,2
698, miners firm trade coal,2
699, leicester employment kettering norwich,2
700, branch secretary operatives branches,2
701, russia league russian germany,2
702, trade union workers miners,2
703, conference council general agreement,2
704, trade board arbitration trade board,2
705, women girls men education,2
706, movement men rely rely men,2
707, women womens leicester womens womens branch,2
708, members membership success interests success,2
709, tuberculosis health sick treatment,2
710, trade repairing repairers quiet,2
711, man work week said,2
712, union labour employers international,2
713, conference members council resolution,2
714, mr street leicester road,2
715, war government nations agreement,2
716, wages rates minimum unemployed,2
717, insurance holiday benefit unemployment,2
718, work man did business,2
719, unemployment wages rates employment,2
720, trade manufacturers industry board,2
721, movement peace war communists,2
722, report district reports inspectors,2
723, employment short time short improvement,2
724, jubilee letter simon herr,2
725, men movement men rely rely,2
726, report statements letter central office,2
727, scheme creep errors creep errors,2
728, hours hour short time short,2
729, mr women leicester smith,2
730, trade firm manufacturers rates,2
731, war movement policy government,2
732, houses land housing agricultural,2
733, trade scottish improvement employment,2
734, operatives seamen time ship,2
735, members membership trust members happy,2
736, inspectors reports report inspection,2
737, peace war position goodwill,2
738, stamp stamped union stamp families wear,2
739, government land policy agricultural,2
740, russia federation russian emigration,2
741, conference resolution agreement arbitration,2
742, branch members education operatives,2
743, insurance holiday superannuation pensions,2
744, firm manufacturers firms shop,2
745, stamp stamped report reports,2
746, conference delegates council government,2
747, branch branches operatives rates,2
748, arbitration strike suspension suspended,2
749, rely men statements errors creep,2
750, union labour unemployment employers,2
751, trade firm bad manufacturers,2
752, operatives members membership mccarthy,2
753, branch branches secretary returns,2
754, scheme reports report statements,2
755, russia germany france russian,2
756, branch branches central office returns,2
757, work man did good,2
758, union conference unions labour,2
759, employers wages employment labour,2
760, miners firm industry trade,2
761, scheme position hope future,2
762, holiday holidays th april,2
763, cent increase compared year,2
764, conference union members council,2
765, unemployment labour workers employment,2
766, superannuation pensions rates cent,2
767, nations russia league league nations,2
768, miners coal war mining,2
769, delete holiday rule line,2
770, defendant arrears suspension suspended,2
771, members stamp union stamp membership,2
772, president richards general president general,2
773, conference party labour delegates,2
774, insurance fund pensions benefit,2
775, operatives seamen officers service men,2
776, trade bad improvement plymouth,2
777, food agricultural land agriculture,2
778, man work week wife,2
779, happy thanks shall happy delegates,2
780, reports report exclusively exclusively use,2
781, labour conference union party,2
782, general council committee board,2
783, unemployment employers wages hours,2
784, trade improvement bad quiet,2
785, miners coal industry land,2
786, report reports exclusively use reports exclusively,2
787, labour union hours employers,2
788, conference delegates mr general,2
789, government agreement war federation,2
790, members membership position hope,2
791, houses housing district land,2
792, movement class people communists,2
793, trade war emigration seamen,2
794, unemployment employers employment insurance,2
795, miners houses manufacturers industry,2
796, street london firm hm,2
797, cent prices cost living cost,2
798, union unemployment unions employers,2
799, mr hm poulton dead,2
800, miners coal agricultural land,2
801, holiday employment short time short,2
802, cent pairs increase dozen,2
803, women mr smith leicester,2
804, employers hours employment unemployment,2
805, branch secretary branches office,2
806, members meeting membership president,2
807, operatives seamen war ship,2
808, holiday unemployment unemployed employment,2
809, shoe boot leather boot shoe,2
810, operatives seamen ship ex,2
811, union members labour general,2
812, unemployment employers labour employment,2
813, mr london leicester street,2
814, movement people hope shall,2
815, factory manufacturers factories industry,2
816, nations league russia countries,2
817, man work years wife,2
818, death sympathy died widow,2
819, report reports exclusively use letter,2
820, labour union miners international labour,2
821, conference council chairman delegates,2
822, houses housing land rent,2
823, movement socialist communists societies,2
824, improvement short time short slight,2
825, union labour unemployment unions,2
826, mr labour branch secretary,2
827, firm firms industry industrial,2
828, trade miners coal trade board,2
829, insurance pensions superannuation defendant,2
830, food prices sugar agricultural,2
831, month week february march,2
832, leicester scottish norwich mr,2
833, employment improvement bad trade,2
834, fund dividend balance arrears,2
835, branch operatives branches seamen,2
836, houses housing rooms house,2
837, arbitration suspension suspended umpire,2
838, conference union labour council,2
839, unemployment employers insurance labour,2
840, arbitration superannuation pensions returns,2
841, herald daily daily herald scottish,2
842, defendant witness defendants court,2
843, union trade unemployment employers,2
844, conference party delegates labour,2
845, insurance superannuation pensions rates,2
846, war government policy scheme,2
847, members meeting membership meetings,2
848, holiday week hours day,2
849, rule delete line defendant,2
850, trade firm manufacturers employment,2
851, government policy scheme people,2
852, members membership happy position,2
853, women womens girls men rely,2
854, age children females boys,2
855, operatives members central office office,2
856, branch branches dividend fund,2
857, rates prices price fixed,2
858, tuberculosis health minister health treatment,2
859, conference branch delegates education,2
860, superannuation pensions rates fund,2
861, general secretary general secretary president,2
862, resolution agreement federation national agreement,2
863, leicester london street northampton,2
864, trade rates cost cost living,2
865, cent year th increase,2
866, wages insurance rates fund,2
867, branch operatives branches government,2
868, convention vote conventions election,2
869, league federation russia russian,2
870, cost living living cost food,2
871, death sympathy widow regret,2
872, holiday february holidays march,2
873, operatives short short time suspension,2
874, members stamp membership stamped,2
875, ireland irish scotland scottish,2
876, conference resolution branch council,2
877, women leicester womens commons,2
878, government war policy nations,2
879, movement members hope membership,2
880, street hm road mr,2
881, trade board trade board rates,2
882, party labour labour party vote,2
883, death buckle mr sympathy,2
884, employment unemployed improvement percentage,2
885, arbitration defendant arbitration board board,2
886, operatives war service service men,2
887, land agricultural agriculture agricultural workers,2
888, conference resolution chairman members,2
889, mr commons house commons poulton,2
890, hours employment hour short time,2
891, operatives seamen war service,2
892, council general conference members,2
893, firm manufacturers trade board trade,2
894, street road london metro,2
895, members membership new members general president,2
896, operatives seamen officers ship,2
897, conference delegates council rule,2
898, operatives seamen service men,2
899, statements government movement time,2
900, fund insurance funds sick,2
901, cent cost living increase rates,2
902, nations league league nations countries,2
903, holiday delete th line,2
904, death happy shall happy prominence,2
905, man work wife did,2
906, metro london metro london scotland,2
907, members membership new members trust members,2
908, mr street hm road,2
909, members branch operatives general,2
910, trade employment improvement bad,2
911, league league nations nations germany,2
912, meeting meetings thanks welcome,2
913, wages insurance wage superannuation,2
914, fund dividend arrears balance,2
915, union unions wages labour,2
916, report members membership complaints,2
917, mr smith poulton general,2
918, employment short time unemployed short,2
919, labour conference mr union,2
920, firm firms manufacturers trade board,2
921, members operatives secretary district,2
922, rates prices fund dividend,2
923, germany league nations league nations,2
924, wages rates insurance minimum,2
925, women unemployment unemployed womens,2
926, houses government housing policy,2
927, men progress position time,2
928, cost living cent cost living,2
929, improvement trade bad slight,2
930, league nations league nations germany,2
931, members membership shall happy prominence,2
932, council members general branch,2
933, labour union workers trade,2
934, insurance fund benefit superannuation,2
935, industry war trade industrial,2
936, returns stamp reports report,2
937, trade bad trade bad higham rushden,2
938, position question errors creep errors,2
939, unemployment labour hours employers,2
940, agreement arbitration strike settlement,2
941, women womens girls poulton,2
942, war peace men rely men,2
943, members operatives membership mccarthy,2
944, insurance superannuation pensions sick,2
945, leicester norwich plymouth northampton,2
946, man work jackson week,2
947, education school teachers children,2
948, future hope time trust,2
949, conference mr resolution general,2
950, unemployment employers labour hours,2
951, union unions labour party,2
952, women womens members girls,2
953, rely men hope correspondents,2
954, street road district hall,2
955, daily herald daily herald jubilee,2
956, conference resolution general branch,2
957, party labour labour party mr,2
958, trade firm trade board board,2
959, street leicester london hm,2
960, insurance pensions compensation superannuation,2
961, holiday hours day hour,2
962, war russia russian peace,2
963, death sympathy loss regret,2
964, repairers repairing sewn machine,2
965, street hm mr road,2
966, war movement peace unity,2
967, scheme contributions benefits tax,2
968, government war nations agreement,2
969, men position movement hope,2
970, mr president poulton general,2
971, union employers labour unions,2
972, war government people present,2
973, labour party labour party secretary,2
974, leicester firm street northampton,2
975, trade manufacturers trade board board,2
976, insurance health benefit pensions,2
977, year half year increase half,2
978, rates prices dividend arrears,2
979, operatives members membership seamen,2
980, boot leather shoe boot shoe,2
981, education educational school teachers,2
982, members operatives membership short,2
983, cent year figures increase,2
984, organisation operative shop organisation work,2
985, trade union labour unions,2
986, conference resolution council committee,2
987, mr hm richards smith,2
988, holiday holidays hours week,2
989, thanks honour pleasure mr,2
990, repairing machine repairers sewn,2
991, labour union women trade,2
992, wages unemployment employers employment,2
993, members hope time membership,2
994, capitalist people society starvation,2
995, conference party government labour party,2
996, trade firm manufacturers trade board,2
997, street london leicester kettering,2
998, war movement peace hope,2
999, miners industry coal mining,2
1000, union unemployment miners labour,2
1001, labour conference party delegates,2
1002, war movement peace scheme,2
1003, prices food rates land,2
1004, reports report inspectors inspection,2
1005, leather sewn leather workers rubber,2
1006, conference council branch chairman,2
1007, mr smith hm richards,2
1008, firm leicester street london,2
1009, government policy scheme position,2
1010, district districts kingswood city,2
1011, fund holiday insurance scheme,2
1012, mr secretary leicester general,2
1013, war scheme peace hope,2
1014, street hm road dead,2
1015, operatives members operative membership,2
1016, th march february april,2
1017, age years age years children,2
1018, conference general mr members,2
1019, insurance superannuation health fund,2
1020, happy shall happy prominence shall,2
1021, work man wants years,2
1022, emigration seamen ship sea,2
1023, tuberculosis disease treatment anthrax,2
1024, branch branches secretary general secretary,2
1025, jubilee thanks wish compliments,2
1026, conference labour union employers,2
1027, buckle mr buckle simon mr,2
1028, th day month month latest fact fifteenth,2
1029, union labour employers unions,2
1030, conference resolution council members,2
1031, insurance pensions fund superannuation,2
1032, government district policy minister,2
1033, agreement federation settlement convention,2
1034, district houses districts housing,2
1035, operatives service service men ex,2
1036, stamp stamped union stamp trade union,2
1037, cent cost living food living,2
1038, holiday month holidays th,2
1039, education teachers educational age,2
1040, holiday holidays th day,2
1041, leicester street northampton norwich,2
1042, holiday insurance superannuation compensation,2
1043, arbitration agreement defendant agreements,2
1044, labour labour party party house,2
1045, daily herald daily herald office,2
1046, trade firm miners firms,2
1047, industry industrial life unity,2
1048, members membership jubilee president,2
1049, operatives suspension suspended service,2
1050, union conference trade general,2
1051, mr street leicester labour,2
1052, war seamen ship seamens,2
1053, returns central office th month central,2
1054, unemployment unemployed holiday wages,2
1055, policy government scheme war,2
1056, pensions superannuation rates prices,2
1057, manufacturers food industry agricultural,2
1058, trade bad trade bad employment,2
1059, education age school teachers,2
1060, houses land rent housing,2
1061, tuberculosis sick health ministry health,2
1062, th month th month february,2
1063, union labour workers trade,2
1064, labour unemployment employers workers,2
1065, branch insurance branches rates,2
1066, government policy scheme movement,2
1067, union women employers labour,2
1068, conference labour party resolution,2
1069, russia league war nations,2
1070, herald daily daily herald report,2
1071, firm trade manufacturers board,2
1072, laughter branch pay man,2
1073, cash order costs od costs costs mr,2
1074, labour union conference trade,2
1075, unemployment insurance wages employment,2
1076, mr leicester council london,2
1077, war peace people work,2
1078, russia russian emigration germany,2
1079, work man did week,2
1080, education school schools teachers,2
1081, improvement slight year time,2
1082, food prices land agricultural,2
1083, labour party labour party government,2
1084, unemployment employment short time unemployed,2
1085, labour union unions party,2
1086, mr smith street hm,2
1087, unemployment employment employers wages,2
1088, war government peace movement,2
1089, cent rates year prices,2
1090, operatives members membership district,2
1091, insurance scheme pensions compensation,2
1092, factory industry manufacturers industrial,2
1093, trade bad trade bad state trade,2
1094, firm firms society operative,2
1095, women womens females girls,2
1096, holiday week hours holidays,2
1097, defendant suspension suspended umpire,2
1098, central office report reports central,2
1099, members stamp stamped membership,2
1100, jubilee happy remain fraternally fraternally,2
1101, report reports inspectors exclusively use,2
1102, arbitration superannuation fund pensions,2
1103, hours unemployment holiday unemployed,2
1104, position hope future present,2
1105, cent prices food cost living,2
1106, branch branches branch president branch secretaries,2
1107, mr street firm hm,2
1108, conference branch delegates resolution,2
1109, operatives members government district,2
1110, manufacturers trade board board industry,2
1111, federation agreement league settlement,2
1112, employment hours short time short,2
1113, conference party resolution labour,2
1114, leicester mr street hm,2
1115, war members peace movement,2
1116, insurance fund pensions compensation,2
1117, houses housing metro london metro,2
1118, reports statements report letter,2
1119, leicester norwich scottish northampton,2
1120, education school district schools,2
1121, operatives war seamen men,2
1122, work man speech baldwin,2
1123, trade bad state trade trade bad,2
1124, cent increase figures total,2
1125, branch branches returns secretary branches,2
1126, russia russian europe germany,2
1127, union trade labour miners,2
1128, mr council labour general,2
1129, boxd boxd label label stamp,2
1130, th february march month,2
1131, leicester street mr boot shoe,2
1132, great britain britain wales british,2
1133, policy government movement war,2
1134, fund rates prices balance,2
1135, agreement russia federation league,2
1136, death buckle bleakley mr,2
1137, reports report letter central office,2
1138, work man branch pay,2
1139, union labour unions wages,2
1140, conference delegates council branch,2
1141, mr firm street leicester,2
1142, unemployment holiday employment unemployed,2
1143, board trade board manufacturers industry,2
1144, war peace future progress,2
1145, members agreement league nations,2
1146, fund sick rates superannuation,2
1147, union unions labour women,2
1148, russia russian soviet czecho,2
1149, food agricultural prices average,2
1150, labour mr labour party party,2
1151, branch operatives secretary branches,2
1152, prices rates food cost living,2
1153, employment unemployed short time improvement,2
1154, union trade workers unemployment,2
1155, conference agreement council resolution,2
1156, mr leicester london smith,2
1157, improvement men statements time,2
1158, war nations peace league,2
1159, cent increase figures decrease,2
1160, president general president man branch,2
1161, union international miners international labour,2
1162, conference delegates council resolution,2
1163, labour unemployment employers union,2
1164, trade food industry trade board,2
1165, street london leicester norwich,2
1166, insurance pensions superannuation compensation,2
1167, rates employment wages cost living,2
1168, improvement short time short time,2
1169, insurance benefit unemployment fund,2
1170, prices food land agricultural,2
1171, holiday th holidays th month,2
1172, report reports letter central office,2
1173, defendant suspension court suspended,2
1174, work speech man baldwin,2
1175, labour union unemployment wages,2
1176, conference council branch committee,2
1177, league convention nations league nations,2
1178, agreement rules scheme national agreement,2
1179, houses housing house room,2
1180, education teachers schools children,2
1181, operatives mccarthy mr mccarthy service men,2
1182, progress hope report new year,2
1183, pay business man wants,2
1184, great britain britain northern ireland northern,2
1185, conference delegates rule board,2
1186, rates returns prices dividend,2
1187, holiday operatives hours holidays,2
1188, stevens man work wife,2
1189, scottish ireland scotland irish,2
1190, th month january february,2
1191, seamen orders ship officers,2
1192, report reports central office statements,2
1193, mr richards president poulton,2
1194, members membership men rely rely,2
1195, report inspectors reports exclusively use,2
1196, trade labour wages union,2
1197, conference council delegates committee,2
1198, position matter errors creep errors,2
1199, government policy movement people,2
1200, president general general president pleased,2
1201, council members conference mr,2
1202, union employers labour unemployment,2
1203, mr hm trade street,2
1204, trade industry manufacturers board,2
1205, branch firm branches firms,2
1206, cent rates prices increase,2
1207, pensions superannuation fund sick,2
1208, members operatives meeting membership,2
1209, education age school educational,2
1210, stamp stamped reports members,2
1211, tuberculosis health disease medical,2
1212, operatives officers operative discharged,2
1213, mr street leicester hm,2
1214, business man work week,2
1215, members labour council party,2
1216, trade workers union labour,2
1217, benefit insurance firm fund,2
1218, happy hope shall happy prominence,2
1219, month th th month june,2
1220, man work speech said,2
1221, cent rates increase year,2
1222, movement seats operative movement operative,2
1223, printing price cash cash order cash,2
1224, pensions superannuation fund funds,2
1225, branch operatives branches report,2
1226, leicester street northampton mr,2
1227, rule strike delete line,2
1228, agricultural land agriculture food,2
1229, february march th january,2
1230, war members men workers,2
1231, insurance benefit holiday fund,2
1232, reports report reports exclusively letter,2
1233, improvement slight progress slight improvement,2
1234, man pay speech business,2
1235, branch branches returns reaching general,2
1236, pairs cent increase dozen pairs,2
1237, th june day month,2
1238, insurance pensions rates sick,2
1239, government policy scheme statements,2
1240, russia government policy league,2
1241, trade firm manufacturers firms,2
1242, cent increase year food,2
1243, death sympathy mr jubilee,2
1244, improvement position regret better,2
1245, tuberculosis treatment disease sick list,2
1246, union women trade labour,2
1247, miners industry trade government,2
1248, women womens education girls,2
1249, women girls womens men rely,2
1250, th february month march,2
1251, union employers unemployment wages,2
1252, conference party delegates labour party,2
1253, women mr members womens,2
1254, trade firm manufacturers board,2
1255, insurance superannuation fund scheme,2
1256, labour union trade women,2
1257, members council mr branch,2
1258, firm street hm mr,2
1259, conference resolution agreement meeting,2
1260, trade prices war price,2
1261, cent year rates increase,2
1262, holiday hours week hour,2
1263, firm manufacturers industry trade board,2
1264, leicester scottish norwich mccarthy,2
1265, branch branches returns th month,2
1266, street road london hall,2
1267, commons house commons house parliament,2
1268, operatives officers organisation service men,2
1269, tuberculosis treatment sickness disease,2
1270, trade firm bad firms,2
1271, branch branches general secretary,2
1272, operatives seamen officials officers,2
1273, league federation agreement league nations,2
1274, union unemployment labour miners,2
1275, leicester street hm mr,2
1276, branch operatives branches branch secretaries,2
1277, wages rates minimum superannuation,2
1278, league agreement federation settlement,2
1279, conference council resolution meeting,2
1280, labour party mr labour party,2
1281, holiday employment unemployment unemployed,2
1282, members government vote district,2
1283, russia league war russian,2
1284, war peace unity hope,2
1285, operatives service men service discharged,2
1286, industry trade industrial tariff,2
1287, operatives service men officers service,2
1288, improvement future time progress,2
1289, boot shoe trade boot shoe,2
1290, union employers unions unemployment,2
1291, mr poulton commons house commons,2
1292, wages rates minimum cost living,2
1293, shoe boot firm boot shoe,2
1294, war government federation policy,2
1295, insurance office returns fund,2
1296, miners coal food mining,2
1297, death sympathy regret widow,2
1298, scheme statements errors creep pointed,2
1299, movement unity future spirit,2
1300, operatives service men met operatives service,2
1301, street leicester road northampton,2
1302, mr smith poulton death,2
1303, hours holiday hour hour day,2
1304, branch branches returns stamp,2
1305, russia russian german soviet,2
1306, mr street firm smith,2
1307, members war government policy,2
1308, education teachers children age,2
1309, operatives seamen ship officers,2
1310, th february march month latest,2
1311, council conference resolution committee,2
1312, trade firm industry firms,2
1313, mr smith poulton hm,2
1314, street leicester trade norwich,2
1315, branch operatives district branches,2
1316, hours holiday hour day,2
1317, jubilee fraternally thanks remain,2
1318, league nations russia league nations,2
1319, unemployment unemployed gazette labour gazette,2
1320, conference mr council secretary,2
1321, labour union unemployment workers,2
1322, leicester london hm street,2
1323, insurance rates superannuation fund,2
1324, industry government policy war,2
1325, members meeting meetings membership,2
1326, federation russia russian emigration,2
1327, cost living cent living increase,2
1328, holiday holidays th march,2
1329, scheme position proposals proposal,2
1330, district election districts vote,2
1331, bleakley death mr sympathy,2
1332, mr street leicester poulton,2
1333, rely men hope errors creep,2
1334, fund rates prices dividend,2
1335, insurance benefit scheme holiday,2
1336, party labour labour party commons,2
1337, trade trade board board exports,2
1338, death sympathy funeral loss,2
1339, movement socialist communists communist,2
1340, conference council mr members,2
1341, union workers labour employers,2
1342, war nations agreement league,2
1343, arbitration defendant office court,2
1344, cent cost living rates cost,2
1345, men rely rely hope men,2
1346, holiday th march holidays,2
1347, statements scheme piecework quantity,2
1348, th month day month fact fifteenth,2
1349, movement communists democracy communist,2
1350, war league nations countries,2
1351, men rely rely men shall happy,2
1352, war russia federation nations,2
1353, prices cent cost living cost,2
1354, scheme war errors creep errors,2
1355, trade bad employment trade bad,2
1356, agricultural land trade emigration,2
1357, russia russian movement germany,2
1358, operatives seamen officers orders,2
1359, prices food agricultural price,2
1360, defendant suspended suspension court,2
1361, reports report divulged information contained,2
1362, man wants pay work,2
1363, seats seat sitting turnshoe,2
1364, union wages labour workers,2
1365, conference council resolution arbitration,2
1366, operatives government members policy,2
1367, conference labour council mr,2
1368, mr street hm london,2
1369, employment unemployment unemployed short time,2
1370, firm manufacturers trade board board,2
1371, poulton mr death mr poulton,2
1372, prices food cost price,2
1373, factory industry factories inspectors,2
1374, man work business week,2
1375, mr street smith leicester,2
1376, war members peace membership,2
1377, holiday week holidays holiday scheme,2
1378, education educational schools school,2
1379, letter jubilee remain fraternally fraternally,2
1380, conference mr labour party,2
1381, branch rule branches board,2
1382, operatives members membership time,2
1383, government policy consumption tax,2
1384, death sympathy died regret,2
1385, government policy movement emigration,2
1386, tuberculosis health sick sickness,2
1387, unemployment employers wages holiday,2
1388, trade trade board manufacturers board,2
1389, members scheme membership hope,2
1390, firm branch operatives firms,2
1391, agreement convention league nations,2
1392, government war policy russia,2
1393, insurance superannuation benefit unemployment,2
1394, operatives branch branches officers,2
1395, fund funds dividend arrears,2
1396, league federation nations league nations,2
1397, act draft convention conventions,2
1398, union unemployment trade wages,2
1399, branch work years business,2
1400, sewn machine hand clicking,2
1401, firm manufacturers industry firms,2
1402, rates prices trade dividend,2
1403, industry manufacturers factories factory,2
1404, government policy russia russian,2
1405, houses district housing house,2
1406, scheme statements errors creep,2
1407, women womens womens branch girls,2
1408, holiday hours hour day,2
1409, rates cent dividend fund,2
1410, operatives mccarthy service men service,2
1411, labour conference members union,2
1412, unemployment wages insurance employers,2
1413, movement men rely socialist,2
1414, food agricultural exports land,2
1415, bleakley death mrs mr,2
1416, increase year figures cent,2
1417, fund cash printing balance,2
1418, jubilee thanks happy remain fraternally,2
1419, union labour women unions,2
1420, conference council delegates agreement,2
1421, mr commons house commons house,2
1422, prices trade board trade board,2
1423, operatives men officers service men,2
1424, members membership happy make success,2
1425, conference council members general,2
1426, insurance pensions sick superannuation,2
1427, prices cost living cost living,2
1428, cent increase year ago,2
1429, operatives seamen war orders,2
1430, happy meeting shall happy prominence,2
1431, russia league russian agreement,2
1432, leicester street london norwich,2
1433, letter jubilee copy wish,2
1434, women womens girls labour women,2
1435, labour conference union women,2
1436, street hm london road,2
1437, education operatives school educational,2
1438, branch branches returns send,2
1439, report reports complaints balance,2
1440, government industry movement position,2
1441, pensions superannuation fund rates,2
1442, war british russia peace,2
1443, operatives branch members branches,2
1444, holiday holidays december th,2
1445, man profits said work,2
1446, women womens girls socialist,2
1447, herald daily daily herald government,2
1448, operatives members federation operative,2
1449, happy shall happy prominence hope,2
1450, returns central office office central,2
1451, unemployment wages employers labour,2
1452, mr leicester hm poulton,2
1453, improvement progress time short time,2
1454, arbitration agreement strike defendant,2
1455, fund superannuation pensions funds,2
1456, branch branches secretary operatives,2
1457, mr leicester smith president,2
1458, russia league federation league nations,2
1459, insurance health health insurance report,2
1460, commons house commons house ireland,2
1461, union employers unemployment labour,2
1462, conference party branch labour party,2
1463, education trade firm government,2
1464, insurance arbitration benefit pensions,2
1465, members membership rely happy,2
1466, irish scottish ireland scotland,2
1467, union labour conference trade,2
1468, government policy men peace,2
1469, war russia league nations,2
1470, prices price half sales,2
1471, tuberculosis health medical minister health,2
1472, food prices sugar imports,2
1473, month february march th january february,2
1474, membership members new members member,2
1475, union unemployment labour workers,2
1476, conference arbitration rule delegates,2
1477, trade firm firms trade board,2
1478, insurance pensions sick benefit,2
1479, insurance fund benefit pensions,2
1480, cent year employment short time,2
1481, wages unemployment unemployed wage,2
1482, war seamen discharged service men,2
1483, reports report statements exclusively use,2
1484, rates scheme orders minimum,2
1485, labour union unemployment members,2
1486, prices fund arrears dividend,2
1487, food agricultural war prices,2
1488, cent increase figures average,2
1489, tuberculosis disease treatment sick list,2
1490, month th month th february,2
1491, sewn machine hand department,2
1492, ireland irish britain great britain,2
1493, mr women leicester street,2
1494, conference delegates branch council,2
1495, women womens men rely,2
1496, scheme report reports statements,2
1497, labour union council mr,2
1498, reports report letter exclusively use,2
1499, district wales england england wales,2
1500, males females females total total,2
1501, thanks speech mr pleasure,2
1502, unemployment wages employment unemployed,2
1503, scheme movement hope membership,2
1504, rates prices trade price,2
1505, education school district teachers,2
1506, work man wife did,2
1507, union trade miners labour,2
1508, war government peace policy,2
1509, mr labour party labour party,2
1510, members education school educational,2
1511, prices cent rates food,2
1512, houses district housing districts,2
1513, war nations league league nations,2
1514, arbitration board court arbitration board,2
1515, week hours hour day,2
1516, firm firms operative society,2
1517, women womens womens branch labour,2
1518, london street road london metro,2
1519, president mr thanks general president,2
1520, unemployment hours employment wages,2
1521, firm district firms manufacturers,2
1522, employers arbitration defendant court,2
1523, prices cent food rates,2
1524, members meeting membership organisers,2
1525, movement position future unity,2
1526, health land agricultural medical,2
1527, branch women mr secretary,2
1528, war federation nations russia,2
1529, war peace men men rely,2
1530, government report policy inspectors,2
1531, miners industry trade coal,2
1532, peace time matter errors creep,2
1533, mr hm dead females,2
1534, rates central office prices central,2
1535, war russia russian britain,2
1536, fund balance dividend tax,2
1537, scheme errors creep errors creep,2
1538, insurance health district health insurance,2
1539, work man baldwin mr,2
1540, operatives operatives working ex met operatives,2
1541, conference council party resolution,2
1542, industry movement government policy,2
1543, conference resolution arbitration agreement,2
1544, government movement war policy,2
1545, strike suspension defendant umpire,2
1546, russia russian war germany,2
1547, improvement slight year progress,2
1548, reports report reports exclusively information contained,2
1549, labour union conference general,2
1550, unemployment wages employers workers,2
1551, insurance arbitration rule benefit,2
1552, street mr london hm,2
1553, government movement policy operative,2
1554, miners coal russia russian,2
1555, holiday week th day,2
1556, houses room rooms rent,2
1557, strike stoppage strikes general strike,2
1558, conference rule delegates arbitration,2
1559, labour union employers workers,2
1560, street firm london leicester,2
1561, cent superannuation year pensions,2
1562, agreement arbitration rule delete,2
1563, league federation russia movement,2
1564, members membership societies organisation,2
1565, operatives service service men discharged,2
1566, union unions wages trade,2
1567, poulton richards mr president,2
1568, war government agreement nations,2
1569, hm females dead tf,2
1570, dividend arrears tax balance,2
1571, branch branches branch secretaries branch officers,2
1572, labour trade union workers,2
1573, wages employers insurance rates,2
1574, mr council chairman general,2
1575, hours holiday short time short,2
1576, trade bad trade board board,2
1577, agreement federation scheme national agreement,2
1578, firm firms operative shop,2
1579, district agricultural land districts,2
1580, manufacturers manufacturers federation machine sewn,2
1581, work man baldwin said,2
1582, union labour unemployment trade,2
1583, conference party labour resolution,2
1584, rely men scheme matter,2
1585, operatives members organisers meeting,2
1586, firm firms manufacturers repairing,2
1587, work man said did,2
1588, cent food prices increase,2
1589, holiday th holidays agreement,2
1590, reports report inspection inspectors,2
1591, jubilee thanks wish tea,2
1592, war seamen service men,2
1593, baldwin marlow mr business,2
1594, pairs th dozen pairs dozen,2
1595, branch operatives branches district,2
1596, league russia league nations nations,2
1597, members membership happy new members,2
1598, trade improvement plymouth bad,2
1599, union unemployment trade workers,2
1600, conference members labour council,2
1601, wages fund rates insurance,2
1602, government men policy movement,2
1603, food war prices sugar,2
1604, pairs males week dozen pairs,2
1605, fund insurance pensions superannuation,2
1606, unemployment wages unemployed cost living,2
1607, prices food rates agricultural,2
1608, members membership happy jubilee,2
1609, th month th month april,2
1610, russia russian socialist soviet,2
1611, street london road kettering,2
1612, germany nations league war,2
1613, manufacturers repairing machine repairers,2
1614, rates prices minimum rate,2
1615, labour union unions miners,2
1616, wages employers insurance cent,2
1617, conference council delegates chairman,2
1618, trade prices food board,2
1619, government scheme movement policy,2
1620, agreement nations league settlement,2
1621, unemployment employment unemployed short time,2
1622, rule arbitration delete line,2
1623, employers wages employment unemployment,2
1624, branch branches secretary district,2
1625, trade food trade board board,2
1626, report reports scheme statements,2
1627, cent prices food increase,2
1628, firm trade manufacturers trade board,2
1629, miners coal land agricultural,2
1630, hours hour day working,2
1631, trade trade bad bad plymouth,2
1632, party labour labour party council,2
1633, firm industry board trade board,2
1634, conference meeting held conferences,2
1635, resolution delegates agreement league,2
1636, cent increase year compared,2
1637, members membership scheme operative,2
1638, union conference labour general,2
1639, employers insurance wages benefit,2
1640, mr hm leicester street,2
1641, hope trust unity time,2
1642, workers government movement policy,2
1643, returns send returns send cash,2
1644, buckle mr buckle speech simon,2
1645, conference party delegates council,2
1646, mr leicester smith hm,2
1647, war trade trade board board,2
1648, stamp stamped union stamp matter stated,2
1649, mr firm hm smith,2
1650, cent insurance year rates,2
1651, miners coal government workers,2
1652, members war membership peace,2
1653, manufacturers industry operative repairers,2
1654, women womens rely men,2
1655, boot shoe boot shoe shoe operatives,2
1656, man work stevens died,2
1657, february month march th,2
1658, holiday insurance superannuation health,2
1659, rates fund prices dividend,2
1660, mr thanks baldwin marlow,2
1661, members membership president general president,2
1662, insurance fund benefit scheme,2
1663, branch branches office district,2
1664, holiday week holidays hours,2
1665, cost living living cent cost,2
1666, operatives members membership officers,2
1667, death sympathy funeral regret,2
1668, report reports complaints inspectors,2
1669, labour union workers unions,2
1670, conference council committee delegates,2
1671, thanks remain fraternally fraternally wish,2
1672, employers labour wages international labour,2
1673, mr hm leicester poulton,2
1674, russia germany league federation,2
1675, agreement settlement national agreement convention,2
1676, operatives men work service,2
1677, rates cent prices increase,2
1678, reports statements exclusively use reports exclusively,2
1679, education health school educational,2
1680, movement communists communist operative movement,2
1681, th june july april,2
1682, conference council party delegates,2
1683, education government policy teachers,2
1684, branch operatives branches returns,2
1685, russia industry russian germany,2
1686, strike rule compensation rules,2
1687, firm manufacturers board trade board,2
1688, members membership meeting happy,2
1689, russia russian irish ireland,2
1690, operatives seamen service ship,2
1691, cent compared increase decrease,2
1692, operatives mccarthy organiser mr mccarthy,2
1693, president general president bostock general,2
1694, union wages employers unemployment,2
1695, fund holiday insurance funds,2
1696, mr hm smith dead,2
1697, cent insurance fund health,2
1698, hope time men things,2
1699, branch members operatives secretary,2
1700, mr leicester poulton smith,2
1701, war nations russia federation,2
1702, employment improvement trade bad,2
1703, leicester street road northampton,2
1704, federation league russia nations,2
1705, president general president thanks remain fraternally,2
1706, members branch branches operatives,2
1707, war movement peace facts,2
1708, operatives report inspectors reports,2
1709, conference delegates arbitration chairman,2
1710, mr street london hm,2
1711, unemployment employers wages wage,2
1712, members operatives branch report,2
1713, holiday insurance benefit superannuation,2
1714, war men peace rely,2
1715, seamen ship war service,2
1716, conference mr women council,2
1717, resolution agreement war government,2
1718, insurance fund superannuation health,2
1719, wages employers holiday wage,2
1720, mr hm richards poulton,2
1721, unemployment unemployed employment unemployment insurance,2
1722, tuberculosis sick sickness health,2
1723, trade bad plymouth trade bad,2
1724, scotland scottish wales britain,2
1725, unemployment employers labour wages,2
1726, boot shoe boot shoe leather,2
1727, cent fund year superannuation,2
1728, women womens age girls,2
1729, russia russian league nations,2
1730, happy letter shall happy prominence,2
1731, man work pay week,2
1732, reports report reports exclusively exclusively use,2
1733, buttons boxd boxd label label,2
1734, boot shoe boot shoe operatives,2
1735, members council conference general,2
1736, daily herald government daily herald,2
1737, work man baldwin pay,2
1738, month th th month day,2
1739, war german russia germany,2
1740, teachers age school apprentices,2
1741, trade bad trade bad plymouth,2
1742, trade bad trade bad quiet,2
1743, health tuberculosis treatment medical,2
1744, women womens girls womens branch,2
1745, shoe boot boot shoe leather,2
1746, cent increase year decrease,2
1747, food agricultural land prices,2
1748, cost living living cost cent,2
1749, houses housing land agricultural,2
1750, tuberculosis health treatment medical,2
1751, food land agricultural prices,2
1752, women womens girls men,2
1753, miners coal mining mines,2
1754, houses housing building house,2
1755, tuberculosis health treatment disease,2
1756, text image extracted text image,2
1757, upset secretarys organisation office,1
1758, fifteenth bound remember secretaries,1
1759, stamps year cash cent,1
1760, reaching fail send returns,1
1761, suddenly susan christmas dorothy,1
1762, dice loaded telegraphs telephones,1
1763, convince allied covenant faire,1
1764, instructed governing force rules,1
1765, tends reach returns central,1
1766, employment northern ireland britain,1
1767, columbia likelihood adopting saved,1
1768, fifteenth latest day fact,1
1769, wear families stamped stamp,1
1770, differs personnel economic respectfully,1
1771, image text extracted here,1
1772, hm road street smith,1
1773, accuracy precaution ensure reports,1
1774, extended richards mediator ventured,1
1775, intimate beg unless returns,1
1776, rests stamp stated matter,1
