,hdb_clusters,min_topic_size,n_neighbors,error_size,error_size_rank,size_diff,size_diff_rank,combined_score
20,35,40,5,53746,21.0,6832,7.0,28.0
27,45,50,10,54417,28.0,6558,4.0,32.0
34,35,10,5,55028,35.0,5900,1.0,36.0
25,50,40,5,54268,26.0,7287,13.0,39.0
41,35,25,5,55465,42.0,6143,2.0,44.0
35,45,50,5,55054,36.0,8411,29.0,65.0
51,25,50,5,55960,52.0,7813,18.0,70.0
63,40,15,5,57155,64.0,6803,6.0,70.0
39,40,15,10,55433,40.0,8524,33.0,73.0
12,20,45,5,53077,13.0,9825,60.0,73.0
31,40,50,10,54809,32.0,9121,44.0,76.0
38,50,25,5,55169,39.0,8704,37.0,76.0
53,50,15,10,56104,54.0,8106,23.0,77.0
75,40,50,5,57446,76.0,6529,3.0,79.0
40,45,45,5,55462,41.0,8814,40.0,81.0
26,25,35,5,54390,27.0,10018,66.0,93.0
78,30,40,10,57559,79.0,7912,19.0,98.0
88,50,50,10,58076,89.0,7121,11.0,100.0
80,50,40,10,57572,81.0,8090,20.0,101.0
70,50,10,5,57275,71.0,8482,32.0,103.0
73,35,50,5,57409,74.0,8463,31.0,105.0
33,30,10,5,55016,34.0,10259,73.0,107.0
48,35,20,5,55807,49.0,9848,62.0,111.0
47,45,20,5,55766,48.0,10017,65.0,113.0
77,30,30,10,57551,78.0,8569,35.0,113.0
103,50,45,5,58701,104.0,7056,10.0,114.0
62,45,35,10,56955,63.0,9506,53.0,116.0
89,45,25,10,58118,90.0,8265,27.0,117.0
86,30,15,10,58018,87.0,8722,38.0,125.0
111,50,20,5,59258,112.0,7313,14.0,126.0
71,35,15,10,57351,72.0,9735,57.0,129.0
11,25,20,5,52735,12.0,12041,121.0,133.0
106,45,45,10,58820,107.0,8242,26.0,133.0
97,35,50,15,58332,98.0,8699,36.0,134.0
58,35,35,10,56273,59.0,10454,76.0,135.0
79,35,15,5,57562,80.0,9545,55.0,135.0
64,45,40,10,57167,65.0,10234,72.0,137.0
66,35,25,10,57235,67.0,10166,70.0,137.0
112,35,35,15,59275,113.0,8203,25.0,138.0
36,30,50,5,55092,37.0,11406,103.0,140.0
8,25,10,5,51940,9.0,12488,132.0,141.0
95,45,10,5,58290,96.0,9179,45.0,141.0
17,35,35,5,53632,18.0,12194,124.0,142.0
85,45,15,10,57937,86.0,9763,59.0,145.0
46,40,10,5,55737,47.0,11319,99.0,146.0
81,30,20,5,57620,82.0,9976,64.0,146.0
68,35,45,5,57255,69.0,10463,78.0,147.0
144,40,45,15,60903,145.0,6705,5.0,150.0
45,30,45,10,55675,46.0,11425,105.0,151.0
13,20,30,5,53242,14.0,12816,137.0,151.0
83,35,30,10,57831,84.0,10054,68.0,152.0
101,30,10,10,58516,102.0,9384,50.0,152.0
61,45,35,5,56842,62.0,10951,92.0,154.0
10,25,25,5,52368,11.0,13315,143.0,154.0
67,40,40,5,57250,68.0,10869,88.0,156.0
49,40,45,5,55815,50.0,11485,108.0,158.0
122,50,45,15,59898,123.0,8792,39.0,162.0
138,30,25,15,60615,139.0,8196,24.0,163.0
54,20,20,5,56175,55.0,11561,109.0,164.0
21,40,20,5,53803,22.0,13306,142.0,164.0
143,40,30,15,60837,144.0,8102,22.0,166.0
55,45,10,10,56198,56.0,11581,112.0,168.0
109,40,30,10,59123,110.0,9758,58.0,168.0
72,35,20,10,57369,73.0,11062,96.0,169.0
7,15,30,5,51932,8.0,14818,162.0,170.0
19,30,30,5,53738,20.0,13728,150.0,170.0
16,25,45,5,53575,17.0,14032,153.0,170.0
156,50,30,10,61255,157.0,7455,15.0,172.0
56,45,30,5,56208,57.0,11783,116.0,173.0
9,20,40,5,52305,10.0,15031,165.0,175.0
28,30,15,5,54424,29.0,13570,146.0,175.0
125,15,25,10,60131,126.0,9448,51.0,177.0
142,40,25,15,60793,143.0,8539,34.0,177.0
92,35,10,10,58214,93.0,10747,85.0,178.0
42,40,25,5,55474,43.0,12741,136.0,179.0
6,20,25,5,51858,7.0,15942,173.0,180.0
65,30,40,5,57183,66.0,11705,115.0,181.0
57,40,35,5,56241,58.0,12126,123.0,181.0
132,15,45,10,60374,133.0,9284,48.0,181.0
91,40,10,10,58185,92.0,10947,91.0,183.0
173,25,35,15,62384,174.0,6983,9.0,183.0
140,40,50,15,60744,141.0,8929,43.0,184.0
167,45,50,15,61870,168.0,7488,16.0,184.0
23,15,40,5,53998,24.0,14809,161.0,185.0
30,30,25,5,54638,31.0,14062,154.0,185.0
98,25,30,15,58348,99.0,10841,87.0,186.0
14,15,10,5,53438,15.0,15788,171.0,186.0
52,25,30,5,56014,53.0,12628,133.0,186.0
139,35,15,15,60702,140.0,9259,47.0,187.0
133,30,35,5,60462,134.0,9510,54.0,188.0
5,10,35,5,50582,6.0,17647,184.0,190.0
100,50,35,10,58471,101.0,10878,89.0,190.0
2,10,15,5,49438,3.0,18365,189.0,192.0
4,10,10,5,50378,5.0,18005,187.0,192.0
151,30,35,15,61136,152.0,8851,41.0,193.0
29,15,35,5,54615,30.0,15081,166.0,196.0
3,10,45,5,50069,4.0,18834,192.0,196.0
134,35,50,10,60485,135.0,9837,61.0,196.0
37,30,50,10,55122,38.0,14633,159.0,197.0
44,35,30,5,55658,45.0,13978,152.0,197.0
32,30,45,5,54843,33.0,14950,164.0,197.0
181,30,30,15,62921,182.0,7690,17.0,199.0
1,10,50,5,49437,2.0,22053,198.0,200.0
24,20,50,5,54196,25.0,16505,175.0,200.0
158,40,35,15,61543,159.0,8917,42.0,201.0
172,20,50,15,62337,173.0,8354,28.0,201.0
18,20,10,5,53646,19.0,17165,182.0,201.0
74,10,40,10,57424,75.0,12414,128.0,203.0
0,10,30,5,48889,1.0,25424,202.0,203.0
59,30,20,10,56415,60.0,13376,144.0,204.0
127,45,25,15,60234,128.0,10460,77.0,205.0
192,50,15,15,63454,193.0,7159,12.0,205.0
184,50,35,15,63119,185.0,8096,21.0,206.0
197,45,30,15,63950,198.0,6928,8.0,206.0
136,25,45,10,60553,137.0,10189,71.0,208.0
159,35,10,15,61574,160.0,9295,49.0,209.0
129,20,25,15,60261,129.5,10556,80.0,209.5
15,15,25,5,53544,16.0,19393,195.0,211.0
22,15,15,5,53955,23.0,18144,188.0,211.0
160,45,45,15,61581,161.0,9484,52.0,213.0
130,30,15,15,60282,131.0,10586,82.0,213.0
43,40,45,10,55598,44.0,15669,170.0,214.0
118,40,25,10,59794,119.0,11146,97.0,216.0
82,10,20,10,57735,83.0,12689,135.0,218.0
171,50,25,15,62096,172.0,9222,46.0,218.0
60,10,25,10,56739,61.0,14407,158.0,219.0
121,15,20,10,59832,122.0,11403,102.0,224.0
195,50,30,15,63562,196.0,8436,30.0,226.0
135,35,20,15,60538,136.0,10942,90.0,226.0
155,45,40,15,61246,156.0,10422,75.0,231.0
119,45,20,15,59807,120.0,11601,114.0,234.0
153,15,40,10,61201,154.0,10557,81.0,235.0
128,30,50,15,60261,129.5,11443,106.0,235.5
168,30,20,15,61963,169.0,10041,67.0,236.0
110,40,40,15,59139,111.0,12228,126.0,237.0
162,35,25,15,61661,163.0,10265,74.0,237.0
117,20,10,10,59710,118.0,11916,120.0,238.0
175,40,15,15,62423,176.0,9890,63.0,239.0
126,40,10,15,60141,127.0,11593,113.0,240.0
149,25,25,15,61071,150.0,11059,95.0,245.0
161,15,30,15,61658,162.0,10736,84.0,246.0
96,25,10,10,58313,97.0,13956,151.0,248.0
50,20,15,5,55825,51.0,22457,199.0,250.0
148,25,40,10,61027,149.0,11422,104.0,253.0
90,10,30,10,58168,91.0,14899,163.0,254.0
147,35,45,15,60987,148.0,11477,107.0,255.0
137,15,45,15,60557,138.0,11797,117.0,255.0
199,50,20,15,64050,200.0,9558,56.0,256.0
154,50,10,15,61238,155.0,11359,101.0,256.0
188,45,15,15,63285,189.0,10077,69.0,258.0
116,25,35,10,59667,117.0,13265,141.0,258.0
164,10,15,15,61769,165.0,10961,93.0,258.0
113,15,50,10,59353,114.0,13553,145.0,259.0
166,20,50,10,61786,167.0,11043,94.0,261.0
124,25,25,10,60129,125.0,13038,139.0,264.0
93,25,50,10,58255,94.0,15861,172.0,266.0
120,20,25,10,59810,121.0,13588,148.0,269.0
115,10,10,10,59459,116.0,14113,155.0,271.0
102,20,40,10,58543,103.0,15375,168.0,271.0
191,30,45,15,63436,192.0,10543,79.0,271.0
123,30,25,10,59971,124.0,13599,149.0,273.0
69,15,15,10,57265,70.0,27072,203.0,273.0
87,25,30,10,58063,88.0,17881,186.0,274.0
145,15,10,15,60906,146.0,12430,130.0,276.0
107,15,10,10,59044,108.0,15499,169.0,277.0
190,15,15,15,63374,191.0,10827,86.0,277.0
179,15,50,15,62843,180.0,11248,98.0,278.0
76,10,50,10,57520,77.0,24560,201.0,278.0
84,20,35,5,57904,85.0,20477,196.0,281.0
104,15,30,10,58727,105.0,16558,176.0,281.0
180,25,10,15,62863,181.0,11326,100.0,281.0
141,20,30,10,60788,142.0,13131,140.0,282.0
170,40,20,15,62084,171.0,11576,111.0,282.0
150,50,50,15,61111,151.0,12485,131.0,282.0
200,20,45,15,64184,201.0,10724,83.0,284.0
94,10,40,15,58263,95.0,18416,190.0,285.0
108,25,20,10,59052,109.0,16646,177.0,286.0
165,20,35,15,61782,166.0,12213,125.0,291.0
152,10,10,15,61188,153.0,12963,138.0,291.0
99,10,45,10,58354,100.0,19336,194.0,294.0
114,20,45,10,59354,115.0,16812,180.0,295.0
178,15,25,15,62702,179.0,11829,118.0,297.0
186,20,30,15,63207,187.0,11562,110.0,297.0
105,10,15,10,58780,106.0,21969,197.0,303.0
131,20,35,10,60283,132.0,16654,178.0,310.0
182,20,10,15,62937,183.0,12427,129.0,312.0
189,25,40,15,63359,190.0,12107,122.0,312.0
194,35,40,15,63554,195.0,11884,119.0,314.0
157,10,35,15,61478,158.0,14687,160.0,318.0
176,10,50,15,62457,177.0,13572,147.0,324.0
193,20,40,15,63545,194.0,12648,134.0,328.0
202,15,20,15,66092,203.0,12239,127.0,330.0
183,20,20,15,62989,184.0,14184,156.0,340.0
146,10,20,15,60967,147.0,18889,193.0,340.0
169,10,45,15,62049,170.0,16806,179.0,349.0
198,20,15,15,64047,199.0,14249,157.0,356.0
174,25,45,15,62403,175.0,16941,181.0,356.0
187,15,40,15,63252,188.0,16065,174.0,362.0
177,20,15,10,62481,178.0,17834,185.0,363.0
163,10,25,15,61686,164.0,23896,200.0,364.0
196,25,15,15,63880,197.0,15147,167.0,364.0
185,10,30,15,63123,186.0,18539,191.0,377.0
201,15,35,15,65077,202.0,17528,183.0,385.0
